{"mae": 0.11475409836065574, "mse": 0.11475409836065574}