{"mae": 0.17105263157894737, "mse": 0.17105263157894737}